{
    "1": {
        "iteration": 1,
        "min_reduced_cost": -289.0,
        "number_routes": 24,
        "of_integer_optimal_value": 1669.9999999999998,
        "of_linear_lower_bound": 1669.9999999999998
    },
    "2": {
        "iteration": 2,
        "min_reduced_cost": -238.40000000000003,
        "number_routes": 26,
        "of_integer_optimal_value": 1381.0,
        "of_linear_lower_bound": 1381.0
    },
    "3": {
        "iteration": 3,
        "min_reduced_cost": -216.0,
        "number_routes": 28,
        "of_integer_optimal_value": 1142.6,
        "of_linear_lower_bound": 1142.6
    },
    "4": {
        "iteration": 4,
        "min_reduced_cost": -192.5,
        "number_routes": 32,
        "of_integer_optimal_value": 1142.6,
        "of_linear_lower_bound": 1002.8000000000001
    },
    "5": {
        "iteration": 5,
        "min_reduced_cost": -159.4,
        "number_routes": 34,
        "of_integer_optimal_value": 1142.6,
        "of_linear_lower_bound": 907.9000000000001
    },
    "6": {
        "iteration": 6,
        "min_reduced_cost": -157.90000000000003,
        "number_routes": 38,
        "of_integer_optimal_value": 1142.6,
        "of_linear_lower_bound": 907.9000000000001
    },
    "7": {
        "iteration": 7,
        "min_reduced_cost": -147.80000000000007,
        "number_routes": 43,
        "of_integer_optimal_value": 1092.1999999999998,
        "of_linear_lower_bound": 907.9000000000001
    },
    "8": {
        "iteration": 8,
        "min_reduced_cost": -129.0,
        "number_routes": 47,
        "of_integer_optimal_value": 1085.2,
        "of_linear_lower_bound": 871.75
    },
    "9": {
        "iteration": 9,
        "min_reduced_cost": -134.625,
        "number_routes": 49,
        "of_integer_optimal_value": 1013.5999999999999,
        "of_linear_lower_bound": 814.4749999999999
    },
    "10": {
        "iteration": 10,
        "min_reduced_cost": -112.89999999999999,
        "number_routes": 51,
        "of_integer_optimal_value": 1013.6,
        "of_linear_lower_bound": 806.3333333333334
    },
    "11": {
        "iteration": 11,
        "min_reduced_cost": -95.89999999999992,
        "number_routes": 53,
        "of_integer_optimal_value": 1013.5999999999999,
        "of_linear_lower_bound": 786.0333333333333
    },
    "12": {
        "iteration": 12,
        "min_reduced_cost": -77.39999999999996,
        "number_routes": 55,
        "of_integer_optimal_value": 1013.5999999999999,
        "of_linear_lower_bound": 770.0500000000001
    },
    "13": {
        "iteration": 13,
        "min_reduced_cost": -60.3,
        "number_routes": 57,
        "of_integer_optimal_value": 1013.5999999999999,
        "of_linear_lower_bound": 757.15
    },
    "14": {
        "iteration": 14,
        "min_reduced_cost": -90.44999999999999,
        "number_routes": 60,
        "of_integer_optimal_value": 885.7,
        "of_linear_lower_bound": 752.9277777777778
    },
    "15": {
        "iteration": 15,
        "min_reduced_cost": -97.14999999999993,
        "number_routes": 63,
        "of_integer_optimal_value": 830.8,
        "of_linear_lower_bound": 741.8499999999999
    },
    "16": {
        "iteration": 16,
        "min_reduced_cost": -73.03333333333332,
        "number_routes": 65,
        "of_integer_optimal_value": 830.8,
        "of_linear_lower_bound": 733.4222222222222
    },
    "17": {
        "iteration": 17,
        "min_reduced_cost": -58.900000000000034,
        "number_routes": 69,
        "of_integer_optimal_value": 830.8,
        "of_linear_lower_bound": 723.0749999999999
    },
    "18": {
        "iteration": 18,
        "min_reduced_cost": -77.29999999999998,
        "number_routes": 71,
        "of_integer_optimal_value": 816.0,
        "of_linear_lower_bound": 710.8166666666666
    },
    "19": {
        "iteration": 19,
        "min_reduced_cost": -76.00000000000006,
        "number_routes": 73,
        "of_integer_optimal_value": 816.0,
        "of_linear_lower_bound": 710.8166666666667
    },
    "20": {
        "iteration": 20,
        "min_reduced_cost": -63.35000000000001,
        "number_routes": 75,
        "of_integer_optimal_value": 816.0,
        "of_linear_lower_bound": 710.8166666666666
    },
    "21": {
        "iteration": 21,
        "min_reduced_cost": -49.46666666666666,
        "number_routes": 77,
        "of_integer_optimal_value": 816.0,
        "of_linear_lower_bound": 704.3666666666667
    },
    "22": {
        "iteration": 22,
        "min_reduced_cost": -54.589940828402376,
        "number_routes": 79,
        "of_integer_optimal_value": 816.0,
        "of_linear_lower_bound": 700.8674556213018
    },
    "23": {
        "iteration": 23,
        "min_reduced_cost": -38.40555555555556,
        "number_routes": 82,
        "of_integer_optimal_value": 816.0,
        "of_linear_lower_bound": 694.7305555555556
    },
    "24": {
        "iteration": 24,
        "min_reduced_cost": -27.444444444444493,
        "number_routes": 86,
        "of_integer_optimal_value": 816.0,
        "of_linear_lower_bound": 688.3333333333335
    },
    "25": {
        "iteration": 25,
        "min_reduced_cost": -39.73333333333337,
        "number_routes": 90,
        "of_integer_optimal_value": 809.5,
        "of_linear_lower_bound": 688.3333333333333
    },
    "26": {
        "iteration": 26,
        "min_reduced_cost": -43.10000000000001,
        "number_routes": 94,
        "of_integer_optimal_value": 809.5,
        "of_linear_lower_bound": 683.9910714285714
    },
    "27": {
        "iteration": 27,
        "min_reduced_cost": -20.364285714285714,
        "number_routes": 96,
        "of_integer_optimal_value": 809.5,
        "of_linear_lower_bound": 683.2214285714285
    },
    "28": {
        "iteration": 28,
        "min_reduced_cost": -20.199999999999925,
        "number_routes": 101,
        "of_integer_optimal_value": 799.3000000000001,
        "of_linear_lower_bound": 676.4333333333333
    },
    "29": {
        "iteration": 29,
        "min_reduced_cost": -34.13333333333326,
        "number_routes": 103,
        "of_integer_optimal_value": 781.2,
        "of_linear_lower_bound": 673.4555555555554
    },
    "30": {
        "iteration": 30,
        "min_reduced_cost": -19.619999999999983,
        "number_routes": 105,
        "of_integer_optimal_value": 781.2,
        "of_linear_lower_bound": 667.1066666666666
    },
    "31": {
        "iteration": 31,
        "min_reduced_cost": -17.75999999999992,
        "number_routes": 107,
        "of_integer_optimal_value": 771.0999999999999,
        "of_linear_lower_bound": 667.1066666666666
    },
    "32": {
        "iteration": 32,
        "min_reduced_cost": -9.450000000000024,
        "number_routes": 111,
        "of_integer_optimal_value": 771.1000000000001,
        "of_linear_lower_bound": 666.8119047619048
    },
    "33": {
        "iteration": 33,
        "min_reduced_cost": -14.599999999999994,
        "number_routes": 113,
        "of_integer_optimal_value": 771.0999999999999,
        "of_linear_lower_bound": 666.34
    },
    "34": {
        "iteration": 34,
        "min_reduced_cost": -6.614705882352979,
        "number_routes": 115,
        "of_integer_optimal_value": 771.1000000000001,
        "of_linear_lower_bound": 665.0411764705882
    },
    "35": {
        "iteration": 35,
        "min_reduced_cost": -10.050000000000004,
        "number_routes": 117,
        "of_integer_optimal_value": 671.4,
        "of_linear_lower_bound": 661.6
    },
    "36": {
        "iteration": 36,
        "min_reduced_cost": -9.800000000000061,
        "number_routes": 119,
        "of_integer_optimal_value": 671.4,
        "of_linear_lower_bound": 661.1
    },
    "37": {
        "iteration": 37,
        "min_reduced_cost": -5.199999999999974,
        "number_routes": 121,
        "of_integer_optimal_value": 671.4000000000001,
        "of_linear_lower_bound": 661.1
    },
    "38": {
        "iteration": 38,